[
    {
        "name": "Olga",
        "surname": "Maka",
        "birth_year": 1997,
        "start_number": 37,
        "time": 156,
        "category": "Młodzież"
    },
    {
        "name": "Marcin",
        "surname": "Kowal",
        "birth_year": 1971,
        "start_number": 39,
        "time": 202,
        "category": "Seniorzy"
    },
    {
        "name": "Paweł",
        "surname": "Ploc",
        "birth_year": 1980,
        "start_number": 45,
        "time": 221,
        "category": "Dorośli"
    }
]